Device,Device ID,Power button after device code programmed,Code 1,Code 2,Code 3,Code 4,Code 5
DVD,0534,"NECext A:0x0CB6,C:0x6E91",00189 A:0x0CB6 C:0x7F80,00255 A:0x0CB6 C:0x659A,00095 A:0x0CB6 C:0x55AA,00221 A:0x0CB6 C:0x55AA,00079 A:0x0CB6 C:0x15EA
,0534,"NECext A:0x0CB6,C:0x6E91",00001 A:0x0CB6 C:0x6699,00002 A:0x0CB6 C:0x609F,00003 A:0x0CB6 C:0x649B,00004 A:0x0CB6 C:0x837C,00005 A:0x0CB6 C:0x8778
,0534,"NECext A:0x0CB6,C:0x6E91",00001 A:0x0CB6 C:0x6699,00002 A:0x0CB6 C:0x609F,00127 A:0x0CB6 C:0x6D92 ,00128 A:0x0CB6 C:0x6A95,00256 A:0x0CB6 C:0x629D
DVD,1533,"SIRC20 A:0x093A,C:0x15",00189 A:0x093A C:0x7F,00255 A:0x093A C:0x65,00095 A:0x093a C:0x51,00221 A:0x093A C:0x5F,00079 A:0x093A C:0x15
,1533,"SIRC20 A:0x093A,C:0x15",00001 A:0x093A C:0x62,00002 A:0x093A C:0x60,00127 A:0x093A C:0x6D,00128 A:0x093A C:0x6A,00256 A:0X093A C:0x62
